<?xml version="1.0" encoding="UTF-8"?>
<Defs>

  <TattooDef>
    <defName>zabraktat_Face_1</defName>
    <label>Zabrak Ritual one</label>
    <texPath>Things/Pawn/Humanlike/Tattoos/Face_zab1/Face_zabritual1</texPath>
    <tattooType>Face</tattooType>
    <category>ZabrakT</category>
    <visibleNorth>true</visibleNorth>
    <styleTags>
      <li>TattooFaceZabrak</li>
    </styleTags>
  </TattooDef>

    <TattooDef>
    <defName>zabraktat_Face_2</defName>
    <label>Zabrak Ritual two</label>
    <texPath>Things/Pawn/Humanlike/Tattoos/Face_zab2/Face_zabritual2</texPath>
    <tattooType>Face</tattooType>
    <category>ZabrakT</category>
    <visibleNorth>true</visibleNorth>
    <styleTags>
      <li>TattooFaceZabrak</li>
    </styleTags>
  </TattooDef>

    <TattooDef>
    <defName>zabraktat_Face_3</defName>
    <label>Zabrak Ritual three</label>
    <texPath>Things/Pawn/Humanlike/Tattoos/Face_zab3/Face_zabritual3</texPath>
    <tattooType>Face</tattooType>
    <category>ZabrakT</category>
    <visibleNorth>true</visibleNorth>
    <styleTags>
      <li>TattooFaceZabrak</li>
    </styleTags>
  </TattooDef>
</Defs>