<?xml version="1.0" encoding="utf-8"?>
<ModMetaData>
	<name>zabrak Facial Patch</name>
	<author>HMarlowe</author>
	<supportedVersions>
		<li>1.2</li>
		<li>1.3</li>
	</supportedVersions>
	<packageId>HM.zabfaces</packageId>
	<modDependencies>
		<li>
			<packageId>Nals.FacialAnimation</packageId>
			<displayName>[NL] Facial Animation - WIP</displayName>
			<steamWorkshopUrl>https://steamcommunity.com/sharedfiles/filedetails/?id=1635901197</steamWorkshopUrl>
		</li>
	</modDependencies>
	<loadAfter>
		<li>erdelf.HumanoidAlienRaces</li>
		<li>Nals.FacialAnimation</li>
	</loadAfter>
	<description>
zab zab zab
	</description>
</ModMetaData>