<?xml version="1.0" encoding="utf-8" ?>


<Patch>
	<Operation Class="PatchOperationSequence">
		<success>Always</success>
		<operations>
			<li Class="PatchOperationTest">
				<xpath>/Defs/AlienRace.ThingDef_AlienRace[defName="Alien_Zabrak"]/comps</xpath>
				<success>Invert</success>
			</li>
			<li Class="PatchOperationAdd">
				<xpath>/Defs/AlienRace.ThingDef_AlienRace[defName="Alien_Zabrak"]</xpath>
				<value>
					<comps />
				</value>
			</li>
		</operations>
	</Operation>

	<Operation Class="PatchOperationAdd">
		<xpath>/Defs/AlienRace.ThingDef_AlienRace[defName="Alien_Zabrak"]/comps</xpath>
		<value>
				<li><compClass>FacialAnimation.DrawFaceGraphicsComp</compClass></li>
				<li><compClass>FacialAnimation.HeadControllerComp</compClass></li>
				<li><compClass>FacialAnimation.EyeballControllerComp</compClass></li>
				<li><compClass>FacialAnimation.LidControllerComp</compClass></li>
				<li><compClass>FacialAnimation.BrowControllerComp</compClass></li>
				<li><compClass>FacialAnimation.MouthControllerComp</compClass></li>
				<li><compClass>FacialAnimation.SkinControllerComp</compClass></li>
				<li><compClass>FacialAnimation.FacialAnimationControllerComp</compClass></li>
		</value>
	</Operation>
</Patch>
